Workbook

Sheet คำชี้แจง
A1: แบบฝึกหัด Excel — เตรียมสอบปฏิบัติ เจ้าหน้าที่สหกรณ์ (IT)
A3: โจทย์จำลองข้อมูลสหกรณ์ออมทรัพย์ครู: สมาชิก 40 คน / เงินฝาก 70 รายการ / เงินกู้ 25 สัญญา
A5: วิธีใช้:
A6: 1. เปิดชีต 'แบบฝึกหัด' ทำโจทย์ 14 ข้อ — พิมพ์สูตรในช่องสีเหลืองเท่านั้น
A7: 2. ห้ามพิมพ์ตัวเลขคำตอบตรง ๆ ต้องใช้สูตรอ้างอิงชีตข้อมูล (สมาชิก / เงินฝาก / เงินกู้)
A8: 3. เสร็จแล้วเทียบกับชีต 'เฉลย' — สูตรเฉลยกดดูได้ทุกเซลล์
A9: 4. ข้อ 13-14 (PivotTable / Sort-Filter) ทำตามขั้นตอนที่เขียนไว้ แล้วเทียบผลกับตารางเฉลย
A11: หัวข้อที่ครอบคลุม (ตรงขอบเขตสอบ 30 คะแนน):
A12: VLOOKUP · IFERROR · SUMIF · SUMIFS · COUNTIF · COUNTIFS · IF · AVERAGE/MAX/MIN · LEFT · การคูณดอกเบี้ย · PivotTable · Sort/Filter
A14: เคล็ดลับ: กด F4 ล็อกช่วงตาราง ($) ก่อนคัดลอกสูตร · VLOOKUP ใส่ FALSE เสมอ · ครอบ IFERROR กัน #N/A

Sheet สมาชิก
A1: รหัสสมาชิก | B1: ชื่อ-สกุล | C1: โรงเรียน | D1: ตำแหน่ง | E1: เงินเดือน | F1: หุ้นสะสม
A2: NPW1001 | B2: สมชาย ใจดี | C2: นครพนมวิทยาคม | D2: รองผู้อำนวยการ | E2: 44000 | F2: 134000
A3: PYW1002 | B3: สมหญิง ศรีสุข | C3: ปิยะมหาราชาลัย | D3: ครู | E3: 19500 | F3: 35000
A4: TUK1003 | B4: วิชัย พรมมา | C4: ธาตุพนม | D4: ครู | E4: 21000 | F4: 307000
A5: SKN1004 | B5: อรพรรณ วงศ์ษา | C5: สหราษฎร์รังสฤษดิ์ | D5: ครูชำนาญการ | E5: 29500 | F5: 23000
A6: NKX1005 | B6: ประเสริฐ แก้วมณี | C6: นาแกสามัคคีวิทยา | D6: ครู | E6: 24500 | F6: 192000
A7: BPC1006 | B7: จินตนา บุญเรือง | C7: บ้านแพงพิทยาคม | D7: ครู | E7: 19000 | F7: 196000
A8: NPW1007 | B8: ธนากร สุวรรณ | C8: นครพนมวิทยาคม | D8: รองผู้อำนวยการ | E8: 47000 | F8: 83000
A9: PYW1008 | B9: ศิริพร คำภา | C9: ปิยะมหาราชาลัย | D9: ครูชำนาญการพิเศษ | E9: 44500 | F9: 205000
A10: TUK1009 | B10: อภิชาติ อินทะวงศ์ | C10: ธาตุพนม | D10: รองผู้อำนวยการ | E10: 50500 | F10: 168000
A11: SKN1010 | B11: กมลวรรณ มีชัย | C11: สหราษฎร์รังสฤษดิ์ | D11: ครู | E11: 21500 | F11: 345000
A12: NKX1011 | B12: ณัฐพล ราชวงศ์ | C12: นาแกสามัคคีวิทยา | D12: ครูชำนาญการ | E12: 31500 | F12: 156000
A13: BPC1012 | B13: สุภาพร โพธิ์ศรี | C13: บ้านแพงพิทยาคม | D13: รองผู้อำนวยการ | E13: 51500 | F13: 103000
... A41: SKN1040 | B41: ทิพวรรณ คำแพง | C41: สหราษฎร์รังสฤษดิ์ | D41: ครูชำนาญการพิเศษ | E41: 40000 | F41: 214000

Sheet เงินฝาก
A1: ลำดับ | B1: เดือน | C1: รหัสสมาชิก | D1: ประเภทเงินฝาก | E1: จำนวนเงิน
A2: 1 | B2: 04/2569 | C2: NPW1001 | D2: ออมทรัพย์ | E2: 15000
A3: 2 | B3: 04/2569 | C3: NPW1019 | D3: ประจำ | E3: 5000
A4: 3 | B4: 03/2569 | C4: NPW1013 | D4: ออมทรัพย์ | E4: 2000
A5: 4 | B5: 06/2569 | C5: PYW1038 | D5: ออมทรัพย์ | E5: 10500
A6: 5 | B6: 01/2569 | C6: SKN1004 | D6: ประจำ | E6: 16500
A7: 6 | B7: 02/2569 | C7: SKN1034 | D7: ออมทรัพย์ | E7: 16500
A8: 7 | B8: 02/2569 | C8: BPC1006 | D8: ออมทรัพย์ | E8: 19500
A9: 8 | B9: 06/2569 | C9: NKX1005 | D9: ออมทรัพย์ | E9: 13000
A10: 9 | B10: 05/2569 | C10: PYW1008 | D10: ออมทรัพย์ | E10: 19000
A11: 10 | B11: 01/2569 | C11: TUK1039 | D11: ออมทรัพย์ | E11: 13500
A12: 11 | B12: 05/2569 | C12: PYW1038 | D12: ออมทรัพย์ | E12: 8500
A13: 12 | B13: 06/2569 | C13: PYW1014 | D13: ออมทรัพย์ | E13: 8000
... A71: 70 | B71: 02/2569 | C71: NKX1017 | D71: ออมทรัพย์ | E71: 17000

Sheet เงินกู้
A1: เลขที่สัญญา | B1: รหัสสมาชิก | C1: ประเภทเงินกู้ | D1: วงเงินกู้ | E1: อัตราดอกเบี้ย (%ต่อปี)
A2: L2569001 | B2: PYW1032 | C2: ฉุกเฉิน | D2: 25000 | E2: 6
A3: L2569002 | B3: BPC1018 | C3: สามัญ | D3: 129000 | E3: 6.5
A4: L2569003 | B4: NPW1019 | C4: สามัญ | D4: 328000 | E4: 6.5
A5: L2569004 | B5: SKN1022 | C5: สามัญ | D5: 132000 | E5: 6.5
A6: L2569005 | B6: TUK1009 | C6: สามัญ | D6: 286000 | E6: 6.5
A7: L2569006 | B7: NPW1025 | C7: ฉุกเฉิน | D7: 19000 | E7: 6
A8: L2569007 | B8: PYW1014 | C8: สามัญ | D8: 474000 | E8: 6.5
A9: L2569008 | B9: TUK1027 | C9: สามัญ | D9: 527000 | E9: 6.5
A10: L2569009 | B10: TUK1027 | C10: สามัญ | D10: 261000 | E10: 6.5
A11: L2569010 | B11: TUK1027 | C11: สามัญ | D11: 70000 | E11: 6.5
A12: L2569011 | B12: NPW1037 | C12: สามัญ | D12: 538000 | E12: 6.5
A13: L2569012 | B13: NPW1001 | C13: สามัญ | D13: 355000 | E13: 6.5
... A26: L2569025 | B26: BPC1018 | C26: สามัญ | D26: 308000 | E26: 6.5

Sheet แบบฝึกหัด
A1: แบบฝึกหัด — พิมพ์สูตรในช่องสีเหลือง
A2: ข้อ | B2: โจทย์ | E2: คำตอบ
A3: 1 | B3: ใช้ VLOOKUP หาชื่อ-สกุล ของสมาชิกรหัส PYW1008
A4: 2 | B4: ใช้ VLOOKUP หาเงินเดือน ของสมาชิกรหัส PYW1020
A5: 3 | B5: ใช้ VLOOKUP + IFERROR หาชื่อของรหัส XXX9999 ถ้าไม่พบให้แสดง "ไม่พบสมาชิก"
A6: 4 | B6: ใช้ SUMIF รวมยอดเงินฝากทั้งหมดของสมาชิกรหัส PYW1008
A7: 5 | B7: ใช้ SUMIF รวมยอดเงินฝากประเภท "ประจำ" ทั้งหมด
A8: 6 | B8: ใช้ COUNTIF นับจำนวนรายการฝากประเภท "ออมทรัพย์"
A9: 7 | B9: ใช้ COUNTIF นับจำนวนสมาชิกที่เงินเดือนตั้งแต่ 30,000 บาทขึ้นไป
A10: 8 | B10: ใช้ SUMIFS รวมยอดฝาก "ออมทรัพย์" เฉพาะของสมาชิกรหัส PYW1008
A11: 9 | B11: ใช้ COUNTIFS นับสัญญากู้ "สามัญ" ที่วงเงินมากกว่า 200,000 บาท
A12: 10 | B12: ใช้ AVERAGE หาค่าเฉลี่ยยอดเงินฝากต่อรายการ (ทุกรายการ)
A13: 11 | B13: ใช้ MAX หาวงเงินกู้สูงสุด และ MIN หาวงเงินกู้ต่ำสุด (ตอบ 2 เซลล์: E14 = MAX, F14 = MIN)
A14: 12 | B14: ใช้ IF: ถ้าเงินเดือนของสมาชิกรหัส PYW1020 (คำตอบข้อ 2 = เซลล์ E4) ตั้งแต่ 30,000 ขึ้นไป ให้แสดง "กู้สามัญได้" ไม่งั้น "กู้ฉุกเฉินเท่านั้น"
B16: ข้อ 13 (PivotTable): สร้าง PivotTable จากชีต 'เงินฝาก' — Insert → PivotTable → วางในชีตใหม่
B17: ลาก: เดือน → Rows · ประเภทเงินฝาก → Columns · จำนวนเงิน → Values (Sum)
B18: เสร็จแล้วเทียบยอดรวมกับตารางเฉลยในชีต 'เฉลย' (สร้างด้วย SUMIFS)
B19: ข้อ 14 (Sort/Filter): ที่ชีต 'สมาชิก' ใช้ Data → Filter กรองตำแหน่ง 'ครูชำนาญการพิเศษ'
B20: แล้ว Sort เงินเดือนจากมากไปน้อย — ใครเงินเดือนสูงสุด? เทียบคำตอบในชีต 'เฉลย'

Sheet เฉลย
A1: เฉลย — สูตรทุกข้อกดดูได้ที่เซลล์
A2: ข้อ | B2: โจทย์ | E2: คำตอบ
A3: 1 | B3: ใช้ VLOOKUP หาชื่อ-สกุล ของสมาชิกรหัส PYW1008 | E3: =VLOOKUP("PYW1008",สมาชิก!A:F,2,FALSE) -> ศิริพร คำภา
A4: 2 | B4: ใช้ VLOOKUP หาเงินเดือน ของสมาชิกรหัส PYW1020 | E4: =VLOOKUP("PYW1020",สมาชิก!A:F,5,FALSE) -> 40000
A5: 3 | B5: ใช้ VLOOKUP + IFERROR หาชื่อของรหัส XXX9999 ถ้าไม่พบให้แสดง "ไม่พบสมาชิก" | E5: =IFERROR(VLOOKUP("XXX9999",สมาชิก!A:F,2,FALSE),"ไม่พบสมาชิก") -> ไม่พบสมาชิก
A6: 4 | B6: ใช้ SUMIF รวมยอดเงินฝากทั้งหมดของสมาชิกรหัส PYW1008 | E6: =SUMIF(เงินฝาก!C:C,"PYW1008",เงินฝาก!E:E) -> 35500
A7: 5 | B7: ใช้ SUMIF รวมยอดเงินฝากประเภท "ประจำ" ทั้งหมด | E7: =SUMIF(เงินฝาก!D:D,"ประจำ",เงินฝาก!E:E) -> 181000
A8: 6 | B8: ใช้ COUNTIF นับจำนวนรายการฝากประเภท "ออมทรัพย์" | E8: =COUNTIF(เงินฝาก!D:D,"ออมทรัพย์") -> 54
A9: 7 | B9: ใช้ COUNTIF นับจำนวนสมาชิกที่เงินเดือนตั้งแต่ 30,000 บาทขึ้นไป | E9: =COUNTIF(สมาชิก!E:E,">=30000") -> 19
A10: 8 | B10: ใช้ SUMIFS รวมยอดฝาก "ออมทรัพย์" เฉพาะของสมาชิกรหัส PYW1008 | E10: =SUMIFS(เงินฝาก!E:E,เงินฝาก!C:C,"PYW1008",เงินฝาก!D:D,"ออมทรัพย์") -> 35500
A11: 9 | B11: ใช้ COUNTIFS นับสัญญากู้ "สามัญ" ที่วงเงินมากกว่า 200,000 บาท | E11: =COUNTIFS(เงินกู้!C:C,"สามัญ",เงินกู้!D:D,">200000") -> 16
A12: 10 | B12: ใช้ AVERAGE หาค่าเฉลี่ยยอดเงินฝากต่อรายการ (ทุกรายการ) | E12: =AVERAGE(เงินฝาก!E2:E71) -> 10592.857
A13: 11 | B13: ใช้ MAX หาวงเงินกู้สูงสุด และ MIN หาวงเงินกู้ต่ำสุด (ตอบ 2 เซลล์: E14 = MAX, F14 = MIN) | E13: =MAX(เงินกู้!D2:D26) -> 538000 | F13: =MIN(เงินกู้!D2:D26) -> 11000
A14: 12 | B14: ใช้ IF: ถ้าเงินเดือนของสมาชิกรหัส PYW1020 (คำตอบข้อ 2 = เซลล์ E4) ตั้งแต่ 30,000 ขึ้นไป ให้แสดง "กู้สามัญได้" ไม่งั้น "กู้ฉุกเฉินเท่านั้น" | E14: =IF(E4>=30000,"กู้สามัญได้","กู้ฉุกเฉินเท่านั้น") -> กู้สามัญได้
B16: ข้อ 13 (PivotTable): สร้าง PivotTable จากชีต 'เงินฝาก' — Insert → PivotTable → วางในชีตใหม่
B17: ลาก: เดือน → Rows · ประเภทเงินฝาก → Columns · จำนวนเงิน → Values (Sum)
B18: เสร็จแล้วเทียบยอดรวมกับตารางเฉลยในชีต 'เฉลย' (สร้างด้วย SUMIFS)
B19: ข้อ 14 (Sort/Filter): ที่ชีต 'สมาชิก' ใช้ Data → Filter กรองตำแหน่ง 'ครูชำนาญการพิเศษ'
B20: แล้ว Sort เงินเดือนจากมากไปน้อย — ใครเงินเดือนสูงสุด? เทียบคำตอบในชีต 'เฉลย'
B22: ตารางเฉลยข้อ 13 (ยอดฝากรายเดือนแยกประเภท — สร้างด้วย SUMIFS ผลต้องตรงกับ PivotTable):
B23: เดือน | C23: ออมทรัพย์ | D23: ประจำ | E23: รวม
B24: 01/2569 | C24: =SUMIFS(เงินฝาก!E:E,เงินฝาก!B:B,"01/2569",เงินฝาก!D:D,"ออมทรัพย์") -> 100500 | D24: =SUMIFS(เงินฝาก!E:E,เงินฝาก!B:B,"01/2569",เงินฝาก!D:D,"ประจำ") -> 40500 | E24: =C24+D24 -> 141000
B25: 02/2569 | C25: =SUMIFS(เงินฝาก!E:E,เงินฝาก!B:B,"02/2569",เงินฝาก!D:D,"ออมทรัพย์") -> 109000 | D25: =SUMIFS(เงินฝาก!E:E,เงินฝาก!B:B,"02/2569",เงินฝาก!D:D,"ประจำ") -> 62500 | E25: =C25+D25 -> 171500
B26: 03/2569 | C26: =SUMIFS(เงินฝาก!E:E,เงินฝาก!B:B,"03/2569",เงินฝาก!D:D,"ออมทรัพย์") -> 50000 | D26: =SUMIFS(เงินฝาก!E:E,เงินฝาก!B:B,"03/2569",เงินฝาก!D:D,"ประจำ") -> 22500 | E26: =C26+D26 -> 72500
B27: 04/2569 | C27: =SUMIFS(เงินฝาก!E:E,เงินฝาก!B:B,"04/2569",เงินฝาก!D:D,"ออมทรัพย์") -> 113500 | D27: =SUMIFS(เงินฝาก!E:E,เงินฝาก!B:B,"04/2569",เงินฝาก!D:D,"ประจำ") -> 5000 | E27: =C27+D27 -> 118500
B28: 05/2569 | C28: =SUMIFS(เงินฝาก!E:E,เงินฝาก!B:B,"05/2569",เงินฝาก!D:D,"ออมทรัพย์") -> 69500 | D28: =SUMIFS(เงินฝาก!E:E,เงินฝาก!B:B,"05/2569",เงินฝาก!D:D,"ประจำ") -> 20000 | E28: =C28+D28 -> 89500
B29: 06/2569 | C29: =SUMIFS(เงินฝาก!E:E,เงินฝาก!B:B,"06/2569",เงินฝาก!D:D,"ออมทรัพย์") -> 118000 | D29: =SUMIFS(เงินฝาก!E:E,เงินฝาก!B:B,"06/2569",เงินฝาก!D:D,"ประจำ") -> 30500 | E29: =C29+D29 -> 148500
B30: รวมทั้งหมด | C30: =SUM(C24:C29) -> 560500 | D30: =SUM(D24:D29) -> 181000 | E30: =SUM(E24:E29) -> 741500
B32: เฉลยข้อ 14 — เงินเดือนสูงสุดของ 'ครูชำนาญการพิเศษ': | E32: =SUMPRODUCT(MAX((สมาชิก!D2:D41="ครูชำนาญการพิเศษ")*สมาชิก!E2:E41)) -> 44500
B33: ชื่อผู้ที่ได้เงินเดือนสูงสุดตำแหน่งนั้น: | E33: =LOOKUP(2,1/((สมาชิก!D2:D41="ครูชำนาญการพิเศษ")*(สมาชิก!E2:E41=E32)),สมาชิก!B2:B41) -> ศิริพร คำภา
